ticker,name,ipo_date,s1_date,difference,in_nasdaq
CRU,Crucible Acquisition,2021-01-05 00:00:00 +0100,2020-12-18 00:00:00 +0100,18.0,FALSE
BENE,Benessere Capital Acquisition,2021-01-05 00:00:00 +0100,2020-12-18 00:00:00 +0100,18.0,FALSE
FVT,Fortress Value Acquisition III,2021-01-05 00:00:00 +0100,2020-12-18 00:00:00 +0100,18.0,FALSE
CRU,Crucible Acquisition,2021-01-05 00:00:00 +0100,2020-12-18 00:00:00 +0100,18.0,FALSE
FVT,Fortress Value Acquisition III,2021-01-05 00:00:00 +0100,2020-11-20 00:00:00 +0100,46.0,FALSE
BENE,Benessere Capital Acquisition,2021-01-05 00:00:00 +0100,2020-11-03 00:00:00 +0100,63.0,FALSE
KAIR,Kairos Acquisition,2021-01-06 00:00:00 +0100,2020-12-21 00:00:00 +0100,16.0,FALSE
PPGH,Poema Global,2021-01-06 00:00:00 +0100,2020-12-18 00:00:00 +0100,19.0,FALSE
STPC,Star Peak II,2021-01-06 00:00:00 +0100,2020-12-18 00:00:00 +0100,19.0,FALSE
PPGH,Poema Global,2021-01-06 00:00:00 +0100,2020-12-18 00:00:00 +0100,19.0,FALSE
STPC,Star Peak II,2021-01-06 00:00:00 +0100,2020-12-18 00:00:00 +0100,19.0,FALSE
KAIR,Kairos Acquisition,2021-01-06 00:00:00 +0100,2020-12-18 00:00:00 +0100,19.0,FALSE
AKIC,Sports Ventures Acquisition,2021-01-06 00:00:00 +0100,2020-12-18 00:00:00 +0100,19.0,FALSE
AKIC,Sports Ventures Acquisition,2021-01-06 00:00:00 +0100,2020-10-09 00:00:00 +0200,89.0,FALSE
OMEG,Omega Alpha SPAC,2021-01-07 00:00:00 +0100,2020-12-21 00:00:00 +0100,17.0,FALSE
VTIQ,VectoIQ Acquisition II,2021-01-07 00:00:00 +0100,2020-12-18 00:00:00 +0100,20.0,FALSE
IVAN,Ivanhoe Capital Acquisition,2021-01-07 00:00:00 +0100,2020-12-18 00:00:00 +0100,20.0,FALSE
BLTS,Bright Lights Acquisition,2021-01-07 00:00:00 +0100,2020-12-18 00:00:00 +0100,20.0,FALSE
VTIQ,VectoIQ Acquisition II,2021-01-07 00:00:00 +0100,2020-12-18 00:00:00 +0100,20.0,FALSE
INKA,KludeIn I Acquisition,2021-01-07 00:00:00 +0100,2020-12-18 00:00:00 +0100,20.0,FALSE
IVAN,Ivanhoe Capital Acquisition,2021-01-07 00:00:00 +0100,2020-12-18 00:00:00 +0100,20.0,FALSE
OMEG,Omega Alpha SPAC,2021-01-07 00:00:00 +0100,2020-12-18 00:00:00 +0100,20.0,FALSE
VCKA,Vickers Vantage I,2021-01-07 00:00:00 +0100,2020-12-18 00:00:00 +0100,20.0,FALSE
AGCB,Altimeter Growth 2,2021-01-07 00:00:00 +0100,2020-12-18 00:00:00 +0100,20.0,FALSE
BLTS,Bright Lights Acquisition,2021-01-07 00:00:00 +0100,2020-12-18 00:00:00 +0100,20.0,FALSE
AGCB,Altimeter Growth 2,2021-01-07 00:00:00 +0100,2020-12-17 00:00:00 +0100,21.0,FALSE
INKA,KludeIn I Acquisition,2021-01-07 00:00:00 +0100,2020-12-15 00:00:00 +0100,23.0,FALSE
VCKA,Vickers Vantage I,2021-01-07 00:00:00 +0100,2020-12-15 00:00:00 +0100,23.0,FALSE
POW,Powered Brands,2021-01-08 00:00:00 +0100,2020-12-22 00:00:00 +0100,17.0,FALSE
PAQC,Provident Acquisition,2021-01-08 00:00:00 +0100,2020-12-22 00:00:00 +0100,17.0,FALSE
EPWR,Empowerment & Inclusion Capital I,2021-01-08 00:00:00 +0100,2020-12-22 00:00:00 +0100,17.0,FALSE
PACX,Pioneer Merger,2021-01-08 00:00:00 +0100,2020-12-21 00:00:00 +0100,18.0,FALSE
SVFA,SVF Investment,2021-01-08 00:00:00 +0100,2020-12-21 00:00:00 +0100,18.0,FALSE
MCAD,Mountain Crest Acquisition II,2021-01-08 00:00:00 +0100,2020-12-21 00:00:00 +0100,18.0,FALSE
GSAQ,Global Synergy Acquisition,2021-01-08 00:00:00 +0100,2020-12-18 00:00:00 +0100,21.0,FALSE
CGEM,Cullinan Management,2021-01-08 00:00:00 +0100,2020-12-18 00:00:00 +0100,21.0,FALSE
PRSR,Prospector Capital,2021-01-08 00:00:00 +0100,2020-12-18 00:00:00 +0100,21.0,FALSE
SWBK,Switchback II,2021-01-08 00:00:00 +0100,2020-12-18 00:00:00 +0100,21.0,FALSE
KLAQ,KL Acquisition,2021-01-08 00:00:00 +0100,2020-12-18 00:00:00 +0100,21.0,FALSE
PACX,Pioneer Merger,2021-01-08 00:00:00 +0100,2020-12-18 00:00:00 +0100,21.0,FALSE
POW,Powered Brands,2021-01-08 00:00:00 +0100,2020-12-18 00:00:00 +0100,21.0,FALSE
TMKR,Tastemaker Acquisition,2021-01-08 00:00:00 +0100,2020-12-18 00:00:00 +0100,21.0,FALSE
EPHY,Epiphany Technology Acquisition,2021-01-08 00:00:00 +0100,2020-12-18 00:00:00 +0100,21.0,FALSE
SVFA,SVF Investment,2021-01-08 00:00:00 +0100,2020-12-18 00:00:00 +0100,21.0,FALSE
PAQC,Provident Acquisition,2021-01-08 00:00:00 +0100,2020-12-18 00:00:00 +0100,21.0,FALSE
GSAQ,Global Synergy Acquisition,2021-01-08 00:00:00 +0100,2020-12-18 00:00:00 +0100,21.0,FALSE
CGEM,Cullinan Management,2021-01-08 00:00:00 +0100,2020-12-18 00:00:00 +0100,21.0,FALSE
MCAD,Mountain Crest Acquisition II,2021-01-08 00:00:00 +0100,2020-12-18 00:00:00 +0100,21.0,FALSE
GRCL,Gracell Biotechnologies,2021-01-08 00:00:00 +0100,2020-12-18 00:00:00 +0100,21.0,FALSE
EPWR,Empowerment & Inclusion Capital I,2021-01-08 00:00:00 +0100,2020-12-18 00:00:00 +0100,21.0,FALSE
PRSR,Prospector Capital,2021-01-08 00:00:00 +0100,2020-12-18 00:00:00 +0100,21.0,FALSE
SWBK,Switchback II,2021-01-08 00:00:00 +0100,2020-12-18 00:00:00 +0100,21.0,FALSE
LHC,Leo Holdings II,2021-01-08 00:00:00 +0100,2020-12-18 00:00:00 +0100,21.0,FALSE
KLAQ,KL Acquisition,2021-01-08 00:00:00 +0100,2020-12-17 00:00:00 +0100,22.0,FALSE
EPHY,Epiphany Technology Acquisition,2021-01-08 00:00:00 +0100,2020-12-15 00:00:00 +0100,24.0,FALSE
LHC,Leo Holdings II,2021-01-08 00:00:00 +0100,2020-10-26 00:00:00 +0100,74.0,FALSE
TMKR,Tastemaker Acquisition,2021-01-08 00:00:00 +0100,2020-10-02 00:00:00 +0200,98.0,FALSE
ADEX,Adit EdTech Acquisition,2021-01-12 00:00:00 +0100,2020-12-23 00:00:00 +0100,20.0,FALSE
ENFA,890 5th Avenue Partners,2021-01-12 00:00:00 +0100,2020-12-23 00:00:00 +0100,20.0,FALSE
SWET,Athlon Acquisition,2021-01-12 00:00:00 +0100,2020-12-22 00:00:00 +0100,21.0,FALSE
GPAC,Global Partner Acquisition II,2021-01-12 00:00:00 +0100,2020-12-21 00:00:00 +0100,22.0,FALSE
BCYP,Big Cypress Acquisition,2021-01-12 00:00:00 +0100,2020-12-18 00:00:00 +0100,25.0,FALSE
QLI,Qilian International,2021-01-12 00:00:00 +0100,2020-12-18 00:00:00 +0100,25.0,FALSE
SWET,Athlon Acquisition,2021-01-12 00:00:00 +0100,2020-12-18 00:00:00 +0100,25.0,FALSE
GPAC,Global Partner Acquisition II,2021-01-12 00:00:00 +0100,2020-12-18 00:00:00 +0100,25.0,FALSE
ADEX,Adit EdTech Acquisition,2021-01-12 00:00:00 +0100,2020-12-18 00:00:00 +0100,25.0,FALSE
ENFA,890 5th Avenue Partners,2021-01-12 00:00:00 +0100,2020-12-18 00:00:00 +0100,25.0,FALSE
KUKE,Kuke Music,2021-01-12 00:00:00 +0100,2020-12-18 00:00:00 +0100,25.0,FALSE
BCYP,Big Cypress Acquisition,2021-01-12 00:00:00 +0100,2020-12-07 00:00:00 +0100,36.0,FALSE
FCAX,Fortress Capital Acquisition,2021-01-13 00:00:00 +0100,2020-12-23 00:00:00 +0100,21.0,FALSE
NGAB,Northern Genesis Acquisition II,2021-01-13 00:00:00 +0100,2020-12-23 00:00:00 +0100,21.0,FALSE
DLCA,Deep Lake Capital Acquisition,2021-01-13 00:00:00 +0100,2020-12-23 00:00:00 +0100,21.0,FALSE
MSGM,Motorsport Games,2021-01-13 00:00:00 +0100,2020-12-18 00:00:00 +0100,26.0,FALSE
HLAH,Hamilton Lane Alliance Holdings I,2021-01-13 00:00:00 +0100,2020-12-18 00:00:00 +0100,26.0,FALSE
MSGM,Motorsport Games,2021-01-13 00:00:00 +0100,2020-12-18 00:00:00 +0100,26.0,FALSE
FINM,Marlin Technology,2021-01-13 00:00:00 +0100,2020-12-18 00:00:00 +0100,26.0,FALSE
FCAX,Fortress Capital Acquisition,2021-01-13 00:00:00 +0100,2020-12-18 00:00:00 +0100,26.0,FALSE
NGAB,Northern Genesis Acquisition II,2021-01-13 00:00:00 +0100,2020-12-18 00:00:00 +0100,26.0,FALSE
AFRM,Affirm Holdings,2021-01-13 00:00:00 +0100,2020-12-18 00:00:00 +0100,26.0,FALSE
DLCA,Deep Lake Capital Acquisition,2021-01-13 00:00:00 +0100,2020-12-18 00:00:00 +0100,26.0,FALSE
HLAH,Hamilton Lane Alliance Holdings I,2021-01-13 00:00:00 +0100,2020-12-17 00:00:00 +0100,27.0,FALSE
AFRM,Affirm Holdings,2021-01-13 00:00:00 +0100,2020-11-18 00:00:00 +0100,56.0,FALSE
MON,Monument Circle Acquisition,2021-01-14 00:00:00 +0100,2020-12-23 00:00:00 +0100,22.0,FALSE
SLCR,Silver Crest Acquisition,2021-01-14 00:00:00 +0100,2020-12-23 00:00:00 +0100,22.0,FALSE
ENVI,Environmental Impact Acquisition,2021-01-14 00:00:00 +0100,2020-12-21 00:00:00 +0100,24.0,FALSE
ENVI,Environmental Impact Acquisition,2021-01-14 00:00:00 +0100,2020-12-18 00:00:00 +0100,27.0,FALSE
POSH,Poshmark,2021-01-14 00:00:00 +0100,2020-12-18 00:00:00 +0100,27.0,FALSE
MON,Monument Circle Acquisition,2021-01-14 00:00:00 +0100,2020-12-18 00:00:00 +0100,27.0,FALSE
SLCR,Silver Crest Acquisition,2021-01-14 00:00:00 +0100,2020-12-18 00:00:00 +0100,27.0,FALSE
WOOF,Petco,2021-01-14 00:00:00 +0100,2020-12-18 00:00:00 +0100,27.0,FALSE
POSH,Poshmark,2021-01-14 00:00:00 +0100,2020-12-17 00:00:00 +0100,28.0,FALSE
WOOF,Petco,2021-01-14 00:00:00 +0100,2020-12-03 00:00:00 +0100,42.0,FALSE
CLAS,Class Acceleration,2021-01-15 00:00:00 +0100,2020-12-30 00:00:00 +0100,16.0,FALSE
TBA,Thoma Bravo Advantage,2021-01-15 00:00:00 +0100,2020-12-28 00:00:00 +0100,18.0,FALSE
EAC,Edify Acquisition,2021-01-15 00:00:00 +0100,2020-12-28 00:00:00 +0100,18.0,FALSE
ADER,26 Capital Acquisition,2021-01-15 00:00:00 +0100,2020-12-23 00:00:00 +0100,23.0,FALSE
OCAX,OCA Acquisition,2021-01-15 00:00:00 +0100,2020-12-23 00:00:00 +0100,23.0,FALSE
HCIC,Hennessy Capital Investment V,2021-01-15 00:00:00 +0100,2020-12-22 00:00:00 +0100,24.0,FALSE
AEAC,Authentic Equity Acquisition,2021-01-15 00:00:00 +0100,2020-12-22 00:00:00 +0100,24.0,FALSE
DRVN,Driven Brands,2021-01-15 00:00:00 +0100,2020-12-22 00:00:00 +0100,24.0,FALSE
GNAC,Group Nine Acquisition,2021-01-15 00:00:00 +0100,2020-12-21 00:00:00 +0100,25.0,FALSE
PLTK,Playtika,2021-01-15 00:00:00 +0100,2020-12-18 00:00:00 +0100,28.0,FALSE
ROT,Rotor Acquisition,2021-01-15 00:00:00 +0100,2020-12-18 00:00:00 +0100,28.0,FALSE
CLAS,Class Acceleration,2021-01-15 00:00:00 +0100,2020-12-18 00:00:00 +0100,28.0,FALSE
TBA,Thoma Bravo Advantage,2021-01-15 00:00:00 +0100,2020-12-18 00:00:00 +0100,28.0,FALSE
EAC,Edify Acquisition,2021-01-15 00:00:00 +0100,2020-12-18 00:00:00 +0100,28.0,FALSE
HCCC,Healthcare Capital,2021-01-15 00:00:00 +0100,2020-10-14 00:00:00 +0200,93.0,FALSE
OSTR,Oyster Enterprises Acquisition,2021-01-20 00:00:00 +0100,2020-12-30 00:00:00 +0100,21.0,FALSE
GMBT,Queen's Gambit Growth Capital,2021-01-20 00:00:00 +0100,2020-12-29 00:00:00 +0100,22.0,FALSE
TZPS,TZP Strategies Acquisition,2021-01-20 00:00:00 +0100,2020-12-28 00:00:00 +0100,23.0,FALSE
GMII,Gores Metropoulos II,2021-01-20 00:00:00 +0100,2020-12-23 00:00:00 +0100,28.0,FALSE
FOXW,FoxWayne Enterprises Acquisition,2021-01-20 00:00:00 +0100,2020-12-09 00:00:00 +0100,42.0,FALSE
LEGO,Legato Merger Corp,2021-01-20 00:00:00 +0100,2020-09-23 00:00:00 +0200,119.0,FALSE
DFH,Dream Finders Homes,2021-01-21 00:00:00 +0100,2020-12-22 00:00:00 +0100,30.0,FALSE
OEPW,One Equity Partners Open Water I,2021-01-22 00:00:00 +0100,2021-01-06 00:00:00 +0100,16.0,FALSE
PV,Primavera Capital Acquisition,2021-01-22 00:00:00 +0100,2021-01-06 00:00:00 +0100,16.0,FALSE
EUSG,European Sustainable Growth Acquisition,2021-01-22 00:00:00 +0100,2021-01-04 00:00:00 +0100,18.0,FALSE
NAAC,North Atlantic Acquisition,2021-01-22 00:00:00 +0100,2021-01-04 00:00:00 +0100,18.0,FALSE
VOSO,Virtuoso Acquisition,2021-01-22 00:00:00 +0100,2020-12-29 00:00:00 +0100,24.0,FALSE
MNTK,Montauk Renewables,2021-01-22 00:00:00 +0100,2020-12-11 00:00:00 +0100,42.0,FALSE
LMACA,Liberty Media Acquisition,2021-01-22 00:00:00 +0100,2020-11-19 00:00:00 +0100,64.0,FALSE
SHAC,SCP & CO Healthcare Acquisition,2021-01-22 00:00:00 +0100,2020-09-29 00:00:00 +0200,115.0,FALSE
JCIC,Jack Creek Investment,2021-01-22 00:00:00 +0100,2020-09-21 00:00:00 +0200,123.0,FALSE
DHHC,DiamondHead Holdings,2021-01-26 00:00:00 +0100,2021-01-08 00:00:00 +0100,18.0,FALSE
SSAA,Science Strategic Acquisition Alpha,2021-01-26 00:00:00 +0100,2021-01-08 00:00:00 +0100,18.0,FALSE
LMAO,LMF Acquisition Opportunities,2021-01-26 00:00:00 +0100,2021-01-08 00:00:00 +0100,18.0,FALSE
NSTB,Northern Star Investment II,2021-01-26 00:00:00 +0100,2021-01-06 00:00:00 +0100,20.0,FALSE
HCII,Hudson Executive Investment II,2021-01-26 00:00:00 +0100,2020-12-31 00:00:00 +0100,26.0,FALSE
BTNB,Bridgetown 2 Holdings,2021-01-26 00:00:00 +0100,2020-12-31 00:00:00 +0100,26.0,FALSE
BIOT,Biotech Acquisition,2021-01-26 00:00:00 +0100,2020-12-31 00:00:00 +0100,26.0,FALSE
HCAQ,HealthCor Catalio Acquisition,2021-01-27 00:00:00 +0100,2021-01-11 00:00:00 +0100,16.0,FALSE
CSTA,Constellation Acquisition I,2021-01-27 00:00:00 +0100,2021-01-08 00:00:00 +0100,19.0,FALSE
CLIM,Climate Real Impact Solutions II,2021-01-27 00:00:00 +0100,2021-01-08 00:00:00 +0100,19.0,FALSE
CAHC,CA Healthcare Acquisition,2021-01-27 00:00:00 +0100,2021-01-08 00:00:00 +0100,19.0,FALSE
FSSI,Fortistar Sustainable Solutions,2021-01-27 00:00:00 +0100,2021-01-06 00:00:00 +0100,21.0,FALSE
SHLS,Shoals Technologies Group,2021-01-27 00:00:00 +0100,2020-12-30 00:00:00 +0100,28.0,FALSE
TLGA,TLG Acquisition One,2021-01-28 00:00:00 +0100,2021-01-12 00:00:00 +0100,16.0,FALSE
IGNY,Ignyte Acquisition,2021-01-28 00:00:00 +0100,2021-01-11 00:00:00 +0100,17.0,FALSE
ITHX,ITHAX Acquisition,2021-01-28 00:00:00 +0100,2021-01-08 00:00:00 +0100,20.0,FALSE
OCDX,Ortho Clinical Diagnostics,2021-01-28 00:00:00 +0100,2021-01-04 00:00:00 +0100,24.0,FALSE
XM,Qualtrics International,2021-01-28 00:00:00 +0100,2020-12-28 00:00:00 +0100,31.0,FALSE
ZWRK,Z-Work Acquisition,2021-01-29 00:00:00 +0100,2021-01-13 00:00:00 +0100,16.0,FALSE
CLRM,Clarim Acquisition,2021-01-29 00:00:00 +0100,2021-01-13 00:00:00 +0100,16.0,FALSE
MIT,Mason Industrial Technology,2021-01-29 00:00:00 +0100,2021-01-12 00:00:00 +0100,17.0,FALSE
HMPT,Home Point Capital,2021-01-29 00:00:00 +0100,2021-01-08 00:00:00 +0100,21.0,FALSE
CFV,CF Acquisition V,2021-01-29 00:00:00 +0100,2021-01-08 00:00:00 +0100,21.0,FALSE
GCAC,Growth Capital Acquisition,2021-01-29 00:00:00 +0100,2020-08-18 00:00:00 +0200,164.0,FALSE
BCAC,Brookline Capital Acquisition,2021-01-29 00:00:00 +0100,2020-08-14 00:00:00 +0200,168.0,FALSE
THMA,Thimble Point Acquisition,2021-02-02 00:00:00 +0100,2021-01-15 00:00:00 +0100,18.0,FALSE
JWSM,Jaws Mustang Acquisition,2021-02-02 00:00:00 +0100,2021-01-15 00:00:00 +0100,18.0,FALSE
AAC,Ares Acquisition,2021-02-02 00:00:00 +0100,2021-01-15 00:00:00 +0100,18.0,TRUE
MDH,MDH Acquisition,2021-02-02 00:00:00 +0100,2021-01-14 00:00:00 +0100,19.0,FALSE
NRAC,Noble Rock Acquisition,2021-02-02 00:00:00 +0100,2021-01-12 00:00:00 +0100,21.0,FALSE
GHAC,Gaming & Hospitality Acquisition,2021-02-03 00:00:00 +0100,2021-01-15 00:00:00 +0100,19.0,FALSE
TMAC,Music Acquisition,2021-02-03 00:00:00 +0100,2021-01-15 00:00:00 +0100,19.0,FALSE
KRNL,Kernel Group Holdings,2021-02-03 00:00:00 +0100,2021-01-14 00:00:00 +0100,20.0,FALSE
PRPC,CC Neuberger Principal Holdings III,2021-02-03 00:00:00 +0100,2021-01-14 00:00:00 +0100,20.0,FALSE
ONTF,ON24,2021-02-03 00:00:00 +0100,2021-01-08 00:00:00 +0100,26.0,FALSE
ITQ,Itiquira Acquisition,2021-02-04 00:00:00 +0100,2021-01-19 00:00:00 +0100,16.0,FALSE
SNSE,Sensei Biotherapeutics,2021-02-04 00:00:00 +0100,2021-01-15 00:00:00 +0100,20.0,FALSE
LABP,Landos Biopharma,2021-02-04 00:00:00 +0100,2021-01-13 00:00:00 +0100,22.0,FALSE
NXU,Novus Capital II,2021-02-04 00:00:00 +0100,2021-01-13 00:00:00 +0100,22.0,FALSE
SANA,Sana Biotechnology,2021-02-04 00:00:00 +0100,2021-01-13 00:00:00 +0100,22.0,FALSE
ASAX,Astrea Acquisition,2021-02-04 00:00:00 +0100,2021-01-11 00:00:00 +0100,24.0,FALSE
DCRN,Decarbonization Plus Acquisition II,2021-02-04 00:00:00 +0100,2021-01-08 00:00:00 +0100,27.0,FALSE
ACII,Atlas Crest Investment II,2021-02-04 00:00:00 +0100,2021-01-05 00:00:00 +0100,30.0,TRUE
CENH,Centricus Acquisition,2021-02-04 00:00:00 +0100,2020-12-31 00:00:00 +0100,35.0,FALSE
COVA,Crescent Cove Acquisition,2021-02-05 00:00:00 +0100,2021-01-20 00:00:00 +0100,16.0,FALSE
GSQD,G Squared Ascend I,2021-02-05 00:00:00 +0100,2021-01-20 00:00:00 +0100,16.0,FALSE
ATMR,Altimar Acquisition II,2021-02-05 00:00:00 +0100,2021-01-20 00:00:00 +0100,16.0,FALSE
HHLA,HH&L Acquisition,2021-02-05 00:00:00 +0100,2021-01-20 00:00:00 +0100,16.0,FALSE
CPUH,Compute Health Acquisition,2021-02-05 00:00:00 +0100,2021-01-20 00:00:00 +0100,16.0,FALSE
FWAA,Fifth Wall Acquisition I,2021-02-05 00:00:00 +0100,2021-01-20 00:00:00 +0100,16.0,FALSE
QFTA,Quantum FinTech Acquisition,2021-02-05 00:00:00 +0100,2021-01-19 00:00:00 +0100,17.0,FALSE
JOFF,JOFF Fintech Acquisition,2021-02-05 00:00:00 +0100,2021-01-19 00:00:00 +0100,17.0,FALSE
TERN,Terns Pharmaceuticals,2021-02-05 00:00:00 +0100,2021-01-15 00:00:00 +0100,21.0,FALSE
BOLT,Bolt Biotherapeutics,2021-02-05 00:00:00 +0100,2021-01-15 00:00:00 +0100,21.0,FALSE
ANGN,Angion Biomedica,2021-02-05 00:00:00 +0100,2021-01-15 00:00:00 +0100,21.0,FALSE
TBCP,Thunder Bridge Capital Partners III,2021-02-05 00:00:00 +0100,2021-01-15 00:00:00 +0100,21.0,FALSE
SDAC,Sustainable Development Acquisition I,2021-02-05 00:00:00 +0100,2021-01-15 00:00:00 +0100,21.0,FALSE
LHDX,Lucira Health,2021-02-05 00:00:00 +0100,2021-01-15 00:00:00 +0100,21.0,FALSE
VOR,Vor Biopharma,2021-02-05 00:00:00 +0100,2021-01-15 00:00:00 +0100,21.0,FALSE
RMGC,RMG Acquisition III,2021-02-05 00:00:00 +0100,2021-01-04 00:00:00 +0100,32.0,FALSE
KURI,Alkuri Global Acquisition,2021-02-05 00:00:00 +0100,2020-12-30 00:00:00 +0100,37.0,FALSE
GIG,GigCapital4,2021-02-09 00:00:00 +0100,2021-01-22 00:00:00 +0100,18.0,FALSE
PMGM,Priveterra Acquisition,2021-02-09 00:00:00 +0100,2021-01-21 00:00:00 +0100,19.0,FALSE
CPTK,Crown PropTech Acquisitions,2021-02-09 00:00:00 +0100,2021-01-21 00:00:00 +0100,19.0,FALSE
EVOJ,Evo Acquisition,2021-02-09 00:00:00 +0100,2021-01-20 00:00:00 +0100,20.0,FALSE
ENNV,ECP Environmental Growth Opportunities,2021-02-09 00:00:00 +0100,2021-01-15 00:00:00 +0100,25.0,FALSE
SPAQ,Spartan Acquisition III,2021-02-09 00:00:00 +0100,2021-01-15 00:00:00 +0100,25.0,FALSE
PICC,Pivotal Investment III,2021-02-09 00:00:00 +0100,2021-01-13 00:00:00 +0100,27.0,FALSE
PGRW,Progress Acquisition,2021-02-09 00:00:00 +0100,2021-01-13 00:00:00 +0100,27.0,FALSE
VENA,Venus Acquisition,2021-02-09 00:00:00 +0100,2020-12-18 00:00:00 +0100,53.0,FALSE
ADRA,Adara Acquisition,2021-02-09 00:00:00 +0100,2020-11-18 00:00:00 +0100,83.0,TRUE
LGAC,Lazard Growth Acquisition I,2021-02-10 00:00:00 +0100,2021-01-25 00:00:00 +0100,16.0,FALSE
XPDI,Power & Digital Infrastructure Acquisition,2021-02-10 00:00:00 +0100,2021-01-22 00:00:00 +0100,19.0,FALSE
SCOB,ScION Tech Growth II,2021-02-10 00:00:00 +0100,2021-01-20 00:00:00 +0100,21.0,FALSE
DSP,Viant Technology,2021-02-10 00:00:00 +0100,2021-01-15 00:00:00 +0100,26.0,FALSE
FORE,Foresight Acquisition,2021-02-10 00:00:00 +0100,2021-01-08 00:00:00 +0100,33.0,FALSE
APGB,Apollo Strategic Growth Capital II,2021-02-10 00:00:00 +0100,2021-01-06 00:00:00 +0100,35.0,FALSE
VLON,Vallon Pharmaceuticals,2021-02-10 00:00:00 +0100,2020-10-23 00:00:00 +0200,110.0,FALSE
IACB,ION Acquisition 2,2021-02-11 00:00:00 +0100,2021-01-26 00:00:00 +0100,16.0,FALSE
PUCK,Goal Acquisitions,2021-02-11 00:00:00 +0100,2021-01-21 00:00:00 +0100,21.0,FALSE
BVS,Bioventus,2021-02-11 00:00:00 +0100,2021-01-20 00:00:00 +0100,22.0,FALSE
SGFY,Signify Health,2021-02-11 00:00:00 +0100,2021-01-19 00:00:00 +0100,23.0,FALSE
APR,Apria,2021-02-11 00:00:00 +0100,2021-01-15 00:00:00 +0100,27.0,FALSE
BMBL,Bumble,2021-02-11 00:00:00 +0100,2021-01-15 00:00:00 +0100,27.0,FALSE
LDI,loanDepot,2021-02-11 00:00:00 +0100,2021-01-11 00:00:00 +0100,31.0,FALSE
SCLE,Broadscale Acquisition,2021-02-12 00:00:00 +0100,2021-01-27 00:00:00 +0100,16.0,FALSE
TCAC,Tuatara Capital Acquisition,2021-02-12 00:00:00 +0100,2021-01-27 00:00:00 +0100,16.0,FALSE
RCLF,Rosecliff Acquisition I,2021-02-12 00:00:00 +0100,2021-01-27 00:00:00 +0100,16.0,FALSE
TSIB,Tishman Speyer Innovation II,2021-02-12 00:00:00 +0100,2021-01-26 00:00:00 +0100,17.0,FALSE
CHAA,Catcha Investment,2021-02-12 00:00:00 +0100,2021-01-25 00:00:00 +0100,18.0,FALSE
BITE,Bite Acquisition,2021-02-12 00:00:00 +0100,2021-01-25 00:00:00 +0100,18.0,FALSE
SLAC,Social Leverage Acquisition I,2021-02-12 00:00:00 +0100,2021-01-25 00:00:00 +0100,18.0,FALSE
DBTX,Decibel Therapeutics,2021-02-12 00:00:00 +0100,2021-01-22 00:00:00 +0100,21.0,FALSE
TLIS,Talis Biomedical,2021-02-12 00:00:00 +0100,2021-01-22 00:00:00 +0100,21.0,FALSE
NEXI,NexImmune,2021-02-12 00:00:00 +0100,2021-01-19 00:00:00 +0100,24.0,FALSE
LGVN,Longeveron,2021-02-12 00:00:00 +0100,2021-01-19 00:00:00 +0100,24.0,FALSE
CVII,Churchill Capital VII,2021-02-12 00:00:00 +0100,2021-01-11 00:00:00 +0100,32.0,FALSE
CCVI,Churchill Capital VI,2021-02-12 00:00:00 +0100,2021-01-11 00:00:00 +0100,32.0,FALSE
MSAC,Medicus Sciences Acquisition,2021-02-16 00:00:00 +0100,2020-12-23 00:00:00 +0100,55.0,FALSE
SPTK,SportsTek Acquisition,2021-02-17 00:00:00 +0100,2021-02-01 00:00:00 +0100,16.0,FALSE
ABGI,ABG Acquisition I,2021-02-17 00:00:00 +0100,2021-02-01 00:00:00 +0100,16.0,TRUE
MACA,Moringa Acquisition,2021-02-17 00:00:00 +0100,2021-02-01 00:00:00 +0100,16.0,FALSE
FSII,FS Development II,2021-02-17 00:00:00 +0100,2021-01-26 00:00:00 +0100,22.0,FALSE
VRPX,Virpax Pharmaceuticals,2021-02-17 00:00:00 +0100,2020-10-09 00:00:00 +0200,131.0,FALSE
FSRX,FinServ Acquisition II,2021-02-18 00:00:00 +0100,2021-02-02 00:00:00 +0100,16.0,FALSE
KAII,Kismet Acquisition Two,2021-02-18 00:00:00 +0100,2021-01-26 00:00:00 +0100,23.0,FALSE
KIII,Kismet Acquisition Three,2021-02-18 00:00:00 +0100,2021-01-26 00:00:00 +0100,23.0,FALSE
FACA,Figure Acquisition I,2021-02-19 00:00:00 +0100,2021-02-03 00:00:00 +0100,16.0,FALSE
CFVI,CF Acquisition VI,2021-02-19 00:00:00 +0100,2021-01-29 00:00:00 +0100,21.0,FALSE
ASPC,Alpha Capital Acquisition,2021-02-19 00:00:00 +0100,2021-01-29 00:00:00 +0100,21.0,FALSE
SPGS,Simon Property Group Acquisition,2021-02-19 00:00:00 +0100,2021-01-29 00:00:00 +0100,21.0,FALSE
TWNI,Tailwind International Acquisition,2021-02-19 00:00:00 +0100,2021-01-29 00:00:00 +0100,21.0,FALSE
BRPM,B. Riley Principal 150 Merger,2021-02-19 00:00:00 +0100,2021-01-08 00:00:00 +0100,42.0,FALSE
ANAC,Arctos NorthStar Acquisition,2021-02-23 00:00:00 +0100,2021-02-05 00:00:00 +0100,18.0,FALSE
VELO,Velocity Acquisition,2021-02-23 00:00:00 +0100,2021-02-05 00:00:00 +0100,18.0,FALSE
SLAM,Slam Corp.,2021-02-23 00:00:00 +0100,2021-02-04 00:00:00 +0100,19.0,FALSE
CMII,CM Life Sciences II,2021-02-23 00:00:00 +0100,2021-02-01 00:00:00 +0100,22.0,FALSE
GSEV,Gores Holdings VII,2021-02-23 00:00:00 +0100,2021-01-20 00:00:00 +0100,34.0,FALSE
FTAA,FTAC Athena Acquisition,2021-02-23 00:00:00 +0100,2021-01-20 00:00:00 +0100,34.0,FALSE
COLI,Colicity,2021-02-24 00:00:00 +0100,2021-02-05 00:00:00 +0100,19.0,FALSE
GLBL,Cartesian Growth,2021-02-24 00:00:00 +0100,2021-02-05 00:00:00 +0100,19.0,FALSE
BOAS,BOA Acquisition,2021-02-24 00:00:00 +0100,2021-02-04 00:00:00 +0100,20.0,FALSE
HIII,Hudson Executive Investment III,2021-02-24 00:00:00 +0100,2021-02-04 00:00:00 +0100,20.0,FALSE
SRNG,Soaring Eagle Acquisition,2021-02-24 00:00:00 +0100,2020-12-23 00:00:00 +0100,63.0,FALSE
EJFA,EJF Acquisition,2021-02-25 00:00:00 +0100,2021-02-09 00:00:00 +0100,16.0,FALSE
FLME,Flame Acquisition,2021-02-25 00:00:00 +0100,2021-02-05 00:00:00 +0100,20.0,FALSE
HUGS,USHG Acquisition,2021-02-25 00:00:00 +0100,2021-02-05 00:00:00 +0100,20.0,FALSE
GIIX,Gores Holdings VIII,2021-02-25 00:00:00 +0100,2021-01-27 00:00:00 +0100,29.0,FALSE
ISLE,Isleworth Healthcare Acquisition,2021-02-25 00:00:00 +0100,2021-01-21 00:00:00 +0100,35.0,FALSE
AUS,Austerlitz Acquisition I,2021-02-26 00:00:00 +0100,2021-02-10 00:00:00 +0100,16.0,FALSE
ASZ,Austerlitz Acquisition II,2021-02-26 00:00:00 +0100,2021-02-10 00:00:00 +0100,16.0,FALSE
FACT,Freedom Acquisition I,2021-02-26 00:00:00 +0100,2021-02-10 00:00:00 +0100,16.0,FALSE
ARYD,ARYA Sciences Acquisition IV,2021-02-26 00:00:00 +0100,2021-02-10 00:00:00 +0100,16.0,FALSE
IBER,Ibere Pharmaceuticals,2021-02-26 00:00:00 +0100,2021-02-09 00:00:00 +0100,17.0,FALSE
SBEA,SilverBox Engaged Merger I,2021-02-26 00:00:00 +0100,2021-02-08 00:00:00 +0100,18.0,FALSE
WARR,Warrior Technologies Acquisition,2021-02-26 00:00:00 +0100,2021-02-05 00:00:00 +0100,21.0,FALSE
MACQ,MCAP Acquisition,2021-02-26 00:00:00 +0100,2021-02-01 00:00:00 +0100,25.0,FALSE
TWLV,Twelve Seas Investment II,2021-02-26 00:00:00 +0100,2021-02-01 00:00:00 +0100,25.0,FALSE
LIII,Leo Holdings III,2021-02-26 00:00:00 +0100,2021-01-21 00:00:00 +0100,36.0,FALSE
KCAC,Kensington Capital Acquisition II,2021-02-26 00:00:00 +0100,2021-01-20 00:00:00 +0100,37.0,FALSE
FSNB,Fusion Acquisition II,2021-02-26 00:00:00 +0100,2021-01-20 00:00:00 +0100,37.0,FALSE
AGAC,African Gold Acquisition,2021-02-26 00:00:00 +0100,2021-01-07 00:00:00 +0100,50.0,TRUE
OHPA,Orion Acquisition,2021-03-02 00:00:00 +0100,2021-02-12 00:00:00 +0100,18.0,FALSE
DHBC,DHB Capital,2021-03-02 00:00:00 +0100,2021-02-12 00:00:00 +0100,18.0,FALSE
HYAC,Haymaker Acquisition III,2021-03-02 00:00:00 +0100,2021-02-12 00:00:00 +0100,18.0,FALSE
FTEV,FinTech Evolution Acquisition,2021-03-02 00:00:00 +0100,2021-02-11 00:00:00 +0100,19.0,FALSE
ARRW,Arrowroot Acquisition,2021-03-02 00:00:00 +0100,2021-02-11 00:00:00 +0100,19.0,FALSE
SNII,Supernova Partners Acquisition II,2021-03-02 00:00:00 +0100,2021-02-10 00:00:00 +0100,20.0,FALSE
DHCA,DHC Acquisition,2021-03-02 00:00:00 +0100,2021-02-09 00:00:00 +0100,21.0,FALSE
NDAC,Nightdragon Acquisition,2021-03-02 00:00:00 +0100,2021-02-09 00:00:00 +0100,21.0,FALSE
ANZU,Anzu Special Acquisition I,2021-03-02 00:00:00 +0100,2021-02-08 00:00:00 +0100,22.0,FALSE
NSTC,Northern Star Investment III,2021-03-02 00:00:00 +0100,2021-02-04 00:00:00 +0100,26.0,FALSE
NSTD,Northern Star Investment IV,2021-03-02 00:00:00 +0100,2021-02-04 00:00:00 +0100,26.0,FALSE
TSPQ,TCW Special Purpose Acquisition,2021-03-02 00:00:00 +0100,2021-02-04 00:00:00 +0100,26.0,FALSE
AMPI,Advanced Merger Partners,2021-03-02 00:00:00 +0100,2021-02-01 00:00:00 +0100,29.0,FALSE
LOKM,Live Oak Mobility Acquisition,2021-03-02 00:00:00 +0100,2021-01-27 00:00:00 +0100,34.0,FALSE
GBRG,Goldenbridge Acquisition,2021-03-02 00:00:00 +0100,2020-09-08 00:00:00 +0200,175.0,FALSE
MACC,Mission Advancement,2021-03-03 00:00:00 +0100,2021-02-09 00:00:00 +0100,22.0,FALSE
OSCR,Oscar Health,2021-03-03 00:00:00 +0100,2021-02-05 00:00:00 +0100,26.0,FALSE
ISOS,Isos Acquisition,2021-03-03 00:00:00 +0100,2021-01-21 00:00:00 +0100,41.0,FALSE
ROCR,Roth CH Acquisition III,2021-03-03 00:00:00 +0100,2021-01-12 00:00:00 +0100,50.0,FALSE
MBAC,M3-Brigade Acquisition II,2021-03-04 00:00:00 +0100,2021-02-16 00:00:00 +0100,16.0,FALSE
RXRA,RXR Acquisition,2021-03-04 00:00:00 +0100,2021-02-12 00:00:00 +0100,20.0,FALSE
KVSA,Khosla Ventures Acquisition,2021-03-04 00:00:00 +0100,2021-02-12 00:00:00 +0100,20.0,FALSE
AURC,Aurora Acquisition,2021-03-04 00:00:00 +0100,2021-02-12 00:00:00 +0100,20.0,FALSE
ACAH,Atlantic Coastal Acquisition,2021-03-04 00:00:00 +0100,2021-02-11 00:00:00 +0100,21.0,TRUE
INNV,Innovage Holding,2021-03-04 00:00:00 +0100,2021-02-08 00:00:00 +0100,24.0,FALSE
PSAG,Property Solutions Acquisition II,2021-03-04 00:00:00 +0100,2021-02-05 00:00:00 +0100,27.0,FALSE
HERA,FTAC Hera Acquisition,2021-03-04 00:00:00 +0100,2021-02-01 00:00:00 +0100,31.0,FALSE
ATAQ,Altimar Acquisition III,2021-03-04 00:00:00 +0100,2021-01-29 00:00:00 +0100,34.0,FALSE
TRCA,Twin Ridge Capital Acquisition,2021-03-04 00:00:00 +0100,2021-01-22 00:00:00 +0100,41.0,FALSE
DMYQ,dMY Technology Group IV,2021-03-05 00:00:00 +0100,2021-02-17 00:00:00 +0100,16.0,FALSE
WPCA,Warburg Pincus Capital I-A,2021-03-05 00:00:00 +0100,2021-02-17 00:00:00 +0100,16.0,FALSE
WPCB,Warburg Pincus Capital I-B,2021-03-05 00:00:00 +0100,2021-02-17 00:00:00 +0100,16.0,FALSE
IPVA,InterPrivate II Acquisition,2021-03-05 00:00:00 +0100,2021-02-17 00:00:00 +0100,16.0,FALSE
IPVF,InterPrivate III Financial Partners,2021-03-05 00:00:00 +0100,2021-02-17 00:00:00 +0100,16.0,FALSE
IPVI,InterPrivate IV InfraTech Partners,2021-03-05 00:00:00 +0100,2021-02-17 00:00:00 +0100,16.0,FALSE
TWNT,Tailwind Two Acquisition,2021-03-05 00:00:00 +0100,2021-02-17 00:00:00 +0100,16.0,FALSE
LHAA,Lerer Hippeau Acquisition,2021-03-05 00:00:00 +0100,2021-02-12 00:00:00 +0100,21.0,FALSE
FRSG,First Reserve Sustainable Growth,2021-03-05 00:00:00 +0100,2021-02-04 00:00:00 +0100,29.0,FALSE
VPCC,VPC Impact Acquisition III,2021-03-05 00:00:00 +0100,2021-01-29 00:00:00 +0100,35.0,FALSE
ATVC,Tribe Capital Growth I,2021-03-05 00:00:00 +0100,2021-01-25 00:00:00 +0100,39.0,FALSE
VPCB,VPC Impact Acquisition II,2021-03-05 00:00:00 +0100,2021-01-21 00:00:00 +0100,43.0,FALSE
ACQR,Independence Holdings,2021-03-09 00:00:00 +0100,2021-02-12 00:00:00 +0100,25.0,TRUE
SVFB,SVF Investment 2,2021-03-09 00:00:00 +0100,2021-02-05 00:00:00 +0100,32.0,FALSE
SVFC,SVF Investment 3,2021-03-09 00:00:00 +0100,2021-02-05 00:00:00 +0100,32.0,FALSE
PDOT,Peridot Acquisition II,2021-03-09 00:00:00 +0100,2021-01-29 00:00:00 +0100,39.0,FALSE
ESM,ESM Acquisition,2021-03-10 00:00:00 +0100,2021-02-22 00:00:00 +0100,16.0,FALSE
FRW,PWP Forward Acquisition I,2021-03-10 00:00:00 +0100,2021-02-22 00:00:00 +0100,16.0,FALSE
FRXB,Forest Road Acquisition II,2021-03-10 00:00:00 +0100,2021-02-18 00:00:00 +0100,20.0,FALSE
SBII,Sandbridge X2,2021-03-10 00:00:00 +0100,2021-02-17 00:00:00 +0100,21.0,FALSE
VAQC,Vector Acquisition II,2021-03-10 00:00:00 +0100,2021-02-16 00:00:00 +0100,22.0,FALSE
CLAA,Colonnade Acquisition II,2021-03-10 00:00:00 +0100,2021-02-12 00:00:00 +0100,26.0,FALSE
DTOC,Digital Transformation Opportunities,2021-03-10 00:00:00 +0100,2021-02-12 00:00:00 +0100,26.0,FALSE
AGGR,Agile Growth,2021-03-10 00:00:00 +0100,2021-02-02 00:00:00 +0100,36.0,TRUE
RBLX,Roblox,2021-03-10 00:00:00 +0100,2020-11-19 00:00:00 +0100,111.0,FALSE
LCAA,L Catterton Asia Acquisition,2021-03-11 00:00:00 +0100,2021-02-22 00:00:00 +0100,17.0,FALSE
PTOC,Pine Technology Acquisition,2021-03-11 00:00:00 +0100,2021-02-19 00:00:00 +0100,20.0,FALSE
FRON,Frontier Acquisition,2021-03-11 00:00:00 +0100,2021-02-18 00:00:00 +0100,21.0,FALSE
ATSP,Archimedes Tech SPAC,2021-03-11 00:00:00 +0100,2021-02-12 00:00:00 +0100,27.0,FALSE
CPNG,Coupang,2021-03-11 00:00:00 +0100,2021-02-12 00:00:00 +0100,27.0,FALSE
GAPA,G&P Acquisition,2021-03-11 00:00:00 +0100,2021-02-12 00:00:00 +0100,27.0,FALSE
SPKB,Silver Spike Acquisition II,2021-03-11 00:00:00 +0100,2021-02-05 00:00:00 +0100,34.0,FALSE
CFFE,CF Acquisition VIII,2021-03-12 00:00:00 +0100,2021-02-19 00:00:00 +0100,21.0,FALSE
RXDX,Prometheus Biosciences,2021-03-12 00:00:00 +0100,2021-02-19 00:00:00 +0100,21.0,FALSE
LBPH,Longboard Pharmaceuticals,2021-03-12 00:00:00 +0100,2021-02-19 00:00:00 +0100,21.0,FALSE
SCAQ,Stratim Cloud Acquisition,2021-03-12 00:00:00 +0100,2021-02-17 00:00:00 +0100,23.0,FALSE
HAYW,Hayward Holdings,2021-03-12 00:00:00 +0100,2021-02-17 00:00:00 +0100,23.0,FALSE
JOAN,JOANN,2021-03-12 00:00:00 +0100,2021-02-16 00:00:00 +0100,24.0,FALSE
FTPA,FTAC Parnassus Acquisition,2021-03-12 00:00:00 +0100,2021-02-08 00:00:00 +0100,32.0,FALSE
GTPB,Gores Technology Partners II,2021-03-12 00:00:00 +0100,2021-02-02 00:00:00 +0100,38.0,FALSE
GTPA,Gores Technology Partners,2021-03-12 00:00:00 +0100,2021-02-02 00:00:00 +0100,38.0,FALSE
ROSS,Ross Acquisition II,2021-03-12 00:00:00 +0100,2021-02-02 00:00:00 +0100,38.0,FALSE
FZT,FAST Acquisition II,2021-03-16 00:00:00 +0100,2021-02-26 00:00:00 +0100,18.0,FALSE
WALD,Waldencast Acquisition,2021-03-16 00:00:00 +0100,2021-02-22 00:00:00 +0100,22.0,FALSE
PLMI,Plum Acquisition I,2021-03-16 00:00:00 +0100,2021-02-19 00:00:00 +0100,25.0,FALSE
FVIV,Fortress Value Acquisition IV,2021-03-16 00:00:00 +0100,2021-02-19 00:00:00 +0100,25.0,FALSE
EBAC,European Biotech Acquisition,2021-03-16 00:00:00 +0100,2021-02-17 00:00:00 +0100,27.0,FALSE
RTPY,Reinvent Technology Partners Y,2021-03-16 00:00:00 +0100,2021-02-12 00:00:00 +0100,32.0,FALSE
BGSX,Build Acquisition,2021-03-17 00:00:00 +0100,2021-02-26 00:00:00 +0100,19.0,FALSE
KSI,Kadem Sustainable Impact,2021-03-17 00:00:00 +0100,2021-02-26 00:00:00 +0100,19.0,FALSE
TETC,Tech & Energy Transition,2021-03-17 00:00:00 +0100,2021-02-24 00:00:00 +0100,21.0,FALSE
GAMC,Golden Arrow Merger,2021-03-17 00:00:00 +0100,2021-02-24 00:00:00 +0100,21.0,FALSE
SNCY,Sun Country Airlines Holdings,2021-03-17 00:00:00 +0100,2021-02-08 00:00:00 +0100,37.0,FALSE
ATHN,Athena Technology Acquisition,2021-03-17 00:00:00 +0100,2021-02-05 00:00:00 +0100,40.0,FALSE
KAHC,KKR Acquisition Holdings I,2021-03-17 00:00:00 +0100,2021-02-04 00:00:00 +0100,41.0,FALSE
RACB,Research Alliance II,2021-03-18 00:00:00 +0100,2021-03-02 00:00:00 +0100,16.0,FALSE
AAQC,Accelerate Acquisition,2021-03-18 00:00:00 +0100,2021-03-02 00:00:00 +0100,16.0,TRUE
REVH,Revolution Healthcare Acquisition,2021-03-18 00:00:00 +0100,2021-03-01 00:00:00 +0100,17.0,FALSE
NAPA,Duckhorn,2021-03-18 00:00:00 +0100,2021-02-23 00:00:00 +0100,23.0,FALSE
GXII,GX Acquisition II,2021-03-18 00:00:00 +0100,2021-02-23 00:00:00 +0100,23.0,FALSE
VEI,Vine Energy,2021-03-18 00:00:00 +0100,2021-02-22 00:00:00 +0100,24.0,FALSE
GANX,Gain Therapeutics,2021-03-18 00:00:00 +0100,2021-02-19 00:00:00 +0100,27.0,FALSE
FMIV,Forum Merger IV,2021-03-18 00:00:00 +0100,2021-02-17 00:00:00 +0100,29.0,FALSE
AMAO,American Acquisition Opportunity,2021-03-18 00:00:00 +0100,2021-02-05 00:00:00 +0100,41.0,FALSE
BYTS,BYTE Acquisition,2021-03-19 00:00:00 +0100,2021-02-26 00:00:00 +0100,21.0,FALSE
TIL,Instil Bio,2021-03-19 00:00:00 +0100,2021-02-26 00:00:00 +0100,21.0,FALSE
FNCH,Finch Therapeutics Group,2021-03-19 00:00:00 +0100,2021-02-26 00:00:00 +0100,21.0,FALSE
AFAQ,AF Acquisition,2021-03-19 00:00:00 +0100,2021-02-25 00:00:00 +0100,22.0,TRUE
GGMC,Glenfarne Merger,2021-03-19 00:00:00 +0100,2021-02-17 00:00:00 +0100,30.0,FALSE
LVRA,Levere Holdings,2021-03-19 00:00:00 +0100,2021-02-12 00:00:00 +0100,35.0,FALSE
LDHA,LDH Growth I,2021-03-19 00:00:00 +0100,2021-01-29 00:00:00 +0100,49.0,FALSE
LGV,Longview Acquisition II,2021-03-19 00:00:00 +0100,2021-01-29 00:00:00 +0100,49.0,FALSE
NGCA,NextGen Acquisition II,2021-03-23 00:00:00 +0100,2021-03-04 00:00:00 +0100,19.0,FALSE
LEGA,Lead Edge Growth Opportunities,2021-03-23 00:00:00 +0100,2021-03-03 00:00:00 +0100,20.0,FALSE
DGNU,Dragoneer Growth Opportunities III,2021-03-23 00:00:00 +0100,2021-03-02 00:00:00 +0100,21.0,FALSE
OPA,Magnum Opus Acquisition,2021-03-23 00:00:00 +0100,2021-03-01 00:00:00 +0100,22.0,FALSE
GGPI,Gores Guggenheim,2021-03-23 00:00:00 +0100,2021-02-22 00:00:00 +0100,29.0,FALSE
STRE,Supernova Partners Acquisition III,2021-03-23 00:00:00 +0100,2021-02-18 00:00:00 +0100,33.0,FALSE
VGII,Virgin Group Acquisition II,2021-03-23 00:00:00 +0100,2021-02-12 00:00:00 +0100,39.0,FALSE
TBSA,TB SA Acquisition,2021-03-23 00:00:00 +0100,2021-02-12 00:00:00 +0100,39.0,FALSE
RKTA,Rocket Internet Growth Opportunities,2021-03-23 00:00:00 +0100,2021-02-09 00:00:00 +0100,42.0,FALSE
GLHA,Glass Houses Acquisition,2021-03-23 00:00:00 +0100,2021-02-09 00:00:00 +0100,42.0,FALSE
ACTD,Arclight Clean Transition II,2021-03-23 00:00:00 +0100,2021-02-04 00:00:00 +0100,47.0,TRUE
MOVE,Movano,2021-03-23 00:00:00 +0100,2021-02-02 00:00:00 +0100,49.0,FALSE
NBST,Newbury Street Acquisition,2021-03-23 00:00:00 +0100,2021-02-01 00:00:00 +0100,50.0,FALSE
DISA,Disruptive Acquisition I,2021-03-24 00:00:00 +0100,2021-03-08 00:00:00 +0100,16.0,FALSE
ACVA,ACV Auctions,2021-03-24 00:00:00 +0100,2021-02-26 00:00:00 +0100,26.0,TRUE
DOCN,DigitalOcean,2021-03-24 00:00:00 +0100,2021-02-25 00:00:00 +0100,27.0,FALSE
NGC,Northern Genesis Acquisition III,2021-03-24 00:00:00 +0100,2021-02-18 00:00:00 +0100,34.0,FALSE
DCRC,Decarbonization Plus Acquisition III,2021-03-24 00:00:00 +0100,2021-02-12 00:00:00 +0100,40.0,FALSE
CRZN,Corazon Capital V838 Monoceros,2021-03-24 00:00:00 +0100,2021-02-12 00:00:00 +0100,40.0,FALSE
KVSB,Khosla Ventures Acquisition II,2021-03-24 00:00:00 +0100,2021-02-12 00:00:00 +0100,40.0,FALSE
KVSC,Khosla Ventures Acquisition III,2021-03-24 00:00:00 +0100,2021-02-12 00:00:00 +0100,40.0,FALSE
DSEY,Diversey Holdings,2021-03-25 00:00:00 +0100,2021-03-01 00:00:00 +0100,24.0,FALSE
VZIO,VIZIO Holding,2021-03-25 00:00:00 +0100,2021-03-01 00:00:00 +0100,24.0,FALSE
SEMR,SEMrush Holdings,2021-03-25 00:00:00 +0100,2021-03-01 00:00:00 +0100,24.0,FALSE
MSDA,MSD Acquisition,2021-03-25 00:00:00 +0100,2021-02-19 00:00:00 +0100,34.0,FALSE
CRCT,Cricut,2021-03-25 00:00:00 +0100,2021-02-16 00:00:00 +0100,37.0,FALSE
LCA,Landcadia Holdings IV,2021-03-25 00:00:00 +0100,2021-02-12 00:00:00 +0100,41.0,FALSE
EWTX,Edgewise Therapeutics,2021-03-26 00:00:00 +0100,2021-03-05 00:00:00 +0100,21.0,FALSE
DSGN,Design Therapeutics,2021-03-26 00:00:00 +0100,2021-03-05 00:00:00 +0100,21.0,FALSE
IKNA,Ikena Oncology,2021-03-26 00:00:00 +0100,2021-03-05 00:00:00 +0100,21.0,FALSE
TDUP,ThredUp,2021-03-26 00:00:00 +0100,2021-03-03 00:00:00 +0100,23.0,FALSE
ALHC,Alignment Healthcare,2021-03-26 00:00:00 +0100,2021-03-03 00:00:00 +0100,23.0,TRUE
TWOA,two,2021-03-30 00:00:00 +0200,2021-03-02 00:00:00 +0100,28.0,FALSE
COUR,Coursera,2021-03-31 00:00:00 +0200,2021-03-05 00:00:00 +0100,26.0,FALSE
MBTC,Nocturne Acquisition,2021-03-31 00:00:00 +0200,2021-02-08 00:00:00 +0100,51.0,FALSE
ULCC,Frontier Group Holdings,2021-04-01 00:00:00 +0200,2021-03-08 00:00:00 +0100,24.0,FALSE
COMP,Compass,2021-04-01 00:00:00 +0200,2021-03-01 00:00:00 +0100,31.0,FALSE
ACBA,Ace Global Business Acquisition,2021-04-06 00:00:00 +0200,2021-02-09 00:00:00 +0100,56.0,TRUE
PANA,Panacea Acquisition II,2021-04-07 00:00:00 +0200,2021-03-09 00:00:00 +0100,29.0,FALSE
CMLT,CM Life Sciences III,2021-04-07 00:00:00 +0200,2021-02-25 00:00:00 +0100,41.0,FALSE
MPAC,Model Performance Acquisition,2021-04-08 00:00:00 +0200,2021-03-04 00:00:00 +0100,35.0,FALSE
TIOA,Tio Tech A,2021-04-08 00:00:00 +0200,2021-02-22 00:00:00 +0100,45.0,FALSE
RPHM,Reneo Pharmaceuticals,2021-04-09 00:00:00 +0200,2021-03-19 00:00:00 +0100,21.0,FALSE
TPGS,TPG Pace Solutions,2021-04-09 00:00:00 +0200,2021-03-08 00:00:00 +0100,32.0,FALSE
ADF,Aldel Financial,2021-04-09 00:00:00 +0200,2021-02-16 00:00:00 +0100,52.0,TRUE
GLSPT,Global SPAC Partners,2021-04-09 00:00:00 +0200,2020-10-13 00:00:00 +0200,178.0,FALSE
TCVA,TCV Acquisition,2021-04-14 00:00:00 +0200,2021-03-19 00:00:00 +0100,26.0,FALSE
ALKT,Alkami Technology,2021-04-14 00:00:00 +0200,2021-03-10 00:00:00 +0100,35.0,TRUE
YTPG,TPG Pace Beneficial II,2021-04-14 00:00:00 +0200,2021-03-08 00:00:00 +0100,37.0,FALSE
COIN,Coinbase,2021-04-14 00:00:00 +0200,2021-02-25 00:00:00 +0100,48.0,FALSE
TSP,TuSimple Holdings,2021-04-15 00:00:00 +0200,2021-03-23 00:00:00 +0100,23.0,FALSE
AGL,Agilon Health,2021-04-15 00:00:00 +0200,2021-03-18 00:00:00 +0100,28.0,TRUE
EBET,Esports Technologies,2021-04-15 00:00:00 +0200,2021-03-10 00:00:00 +0100,36.0,FALSE
APP,Applovin,2021-04-15 00:00:00 +0200,2021-03-02 00:00:00 +0100,44.0,FALSE
KRT,Karat Packaging,2021-04-15 00:00:00 +0200,2021-02-18 00:00:00 +0100,56.0,FALSE
BMEA,Biomea Fusion,2021-04-16 00:00:00 +0200,2021-03-26 00:00:00 +0100,21.0,FALSE
AKYA,Akoya Biosciences,2021-04-16 00:00:00 +0200,2021-03-26 00:00:00 +0100,21.0,TRUE
RXRX,Recursion Pharmaceuticals,2021-04-16 00:00:00 +0200,2021-03-22 00:00:00 +0100,25.0,FALSE
PATH,UiPath,2021-04-21 00:00:00 +0200,2021-03-26 00:00:00 +0100,26.0,FALSE
SKYT,SkyWater Technology,2021-04-21 00:00:00 +0200,2021-03-22 00:00:00 +0100,30.0,FALSE
DV,DoubleVerify,2021-04-21 00:00:00 +0200,2021-03-17 00:00:00 +0100,35.0,FALSE
NPCE,NeuroPace,2021-04-22 00:00:00 +0200,2021-03-24 00:00:00 +0100,29.0,FALSE
ZY,Zymergen,2021-04-22 00:00:00 +0200,2021-03-23 00:00:00 +0100,30.0,FALSE
KNBE,KnowBe4,2021-04-22 00:00:00 +0200,2021-03-19 00:00:00 +0100,34.0,FALSE
IMPL,Impel NeuroPharma,2021-04-23 00:00:00 +0200,2021-04-02 00:00:00 +0200,21.0,FALSE
RAIN,Rain Therapeutics,2021-04-23 00:00:00 +0200,2021-04-02 00:00:00 +0200,21.0,FALSE
SWIM,Latham Group,2021-04-23 00:00:00 +0200,2021-03-31 00:00:00 +0200,23.0,FALSE
TMCI,Treace Medical Concepts,2021-04-23 00:00:00 +0200,2021-03-30 00:00:00 +0200,24.0,FALSE
AGTI,Agiliti,2021-04-23 00:00:00 +0200,2021-03-05 00:00:00 +0100,49.0,TRUE
FTCI,FTC Solar,2021-04-28 00:00:00 +0200,2021-03-26 00:00:00 +0100,33.0,FALSE
PRVA,Privia Health Group,2021-04-29 00:00:00 +0200,2021-04-07 00:00:00 +0200,22.0,FALSE
AVAH,Aveanna Healthcare Holdings,2021-04-29 00:00:00 +0200,2021-04-01 00:00:00 +0200,28.0,FALSE
EDR,Endeavor Group Holdings,2021-04-29 00:00:00 +0200,2021-03-31 00:00:00 +0200,29.0,FALSE
TUGC,TradeUP Global,2021-04-29 00:00:00 +0200,2021-03-04 00:00:00 +0100,56.0,FALSE
BSKY,Big Sky Growth Partners,2021-04-29 00:00:00 +0200,2021-02-26 00:00:00 +0100,62.0,FALSE
VACC,Vaccitech,2021-04-30 00:00:00 +0200,2021-04-09 00:00:00 +0200,21.0,FALSE
HOWL,Werewolf Therapeutics,2021-04-30 00:00:00 +0200,2021-04-08 00:00:00 +0200,22.0,FALSE
IACC,ION Acquisition 3,2021-04-30 00:00:00 +0200,2021-04-06 00:00:00 +0200,24.0,FALSE
VLAT,Valor Latitude Acquisition,2021-05-04 00:00:00 +0200,2021-03-11 00:00:00 +0100,54.0,FALSE
ALF,ALFI,2021-05-04 00:00:00 +0200,2021-01-08 00:00:00 +0100,116.0,TRUE
HNST,The Honest Company,2021-05-05 00:00:00 +0200,2021-04-09 00:00:00 +0200,26.0,FALSE
FSBC,Five Star Bancorp,2021-05-05 00:00:00 +0200,2021-04-09 00:00:00 +0200,26.0,FALSE
MAQC,Maquia Capital Acquisition,2021-05-05 00:00:00 +0200,2021-02-16 00:00:00 +0100,78.0,FALSE